../vocdata/frame232.jpg,897,385,1007,957,start_tick
../vocdata/frame232.jpg,1,392,1720,1080,start_gate
../vocdata/frame150.jpg,861,436,902,681,start_tick
../vocdata/frame150.jpg,228,452,1349,1006,start_gate
../vocdata/frame144.jpg,861,433,907,672,start_tick
../vocdata/frame144.jpg,265,454,1325,985,start_gate
../vocdata/frame85.jpg,1118,474,1155,635,start_tick
../vocdata/frame85.jpg,738,483,1451,825,start_gate
../vocdata/frame91.jpg,961,456,998,617,start_tick
../vocdata/frame91.jpg,577,469,1286,826,start_gate
../vocdata/frame193.jpg,860,394,912,757,start_tick
../vocdata/frame193.jpg,2,413,1558,1079,start_gate
../vocdata/frame187.jpg,852,390,911,733,start_tick
../vocdata/frame187.jpg,1,416,1517,1080,start_gate
../vocdata/frame192.jpg,862,395,915,749,start_tick
../vocdata/frame192.jpg,1,419,1561,1080,start_gate
../vocdata/frame90.jpg,962,451,998,618,start_tick
../vocdata/frame90.jpg,577,471,1290,831,start_gate
../vocdata/frame145.jpg,861,433,906,675,start_tick
../vocdata/frame145.jpg,262,457,1316,986,start_gate
../vocdata/frame151.jpg,862,428,903,685,start_tick
../vocdata/frame151.jpg,238,457,1332,1006,start_gate
../vocdata/frame179.jpg,861,396,908,703,start_tick
../vocdata/frame179.jpg,28,419,1469,1080,start_gate
../vocdata/frame53.jpg,899,423,1494,710,start_gate
../vocdata/frame47.jpg,890,408,1464,695,start_gate
../vocdata/frame233.jpg,1,395,1720,1080,start_gate
../vocdata/frame233.jpg,883,375,1023,962,start_tick
../vocdata/frame227.jpg,1,388,1720,1080,start_gate
../vocdata/frame227.jpg,891,384,984,922,start_tick
../vocdata/frame219.jpg,1,384,1720,1080,start_gate
../vocdata/frame219.jpg,884,381,996,860,start_tick
../vocdata/frame225.jpg,880,386,987,912,start_tick
../vocdata/frame225.jpg,1,376,1720,1080,start_gate
../vocdata/frame51.jpg,902,419,1485,712,start_gate
../vocdata/frame45.jpg,869,399,1422,677,start_gate
../vocdata/frame147.jpg,862,438,902,681,start_tick
../vocdata/frame147.jpg,244,461,1324,997,start_gate
../vocdata/frame153.jpg,854,423,904,680,start_tick
../vocdata/frame153.jpg,223,450,1332,1013,start_gate
../vocdata/frame79.jpg,1149,492,1186,625,start_tick
../vocdata/frame79.jpg,789,474,1472,803,start_gate
../vocdata/frame184.jpg,853,399,900,718,start_tick
../vocdata/frame184.jpg,1,414,1495,1080,start_gate
../vocdata/frame190.jpg,855,389,917,734,start_tick
../vocdata/frame190.jpg,4,403,1536,1079,start_gate
../vocdata/frame191.jpg,860,383,915,738,start_tick
../vocdata/frame191.jpg,1,398,1539,1079,start_gate
../vocdata/frame152.jpg,858,424,899,681,start_tick
../vocdata/frame152.jpg,223,454,1330,1014,start_gate
../vocdata/frame78.jpg,1149,477,1183,615,start_tick
../vocdata/frame78.jpg,784,464,1486,795,start_gate
../vocdata/frame146.jpg,863,437,905,673,start_tick
../vocdata/frame146.jpg,263,458,1314,989,start_gate
../vocdata/frame50.jpg,900,416,1484,704,start_gate
../vocdata/frame224.jpg,886,395,987,896,start_tick
../vocdata/frame224.jpg,1,389,1720,1080,start_gate
../vocdata/frame230.jpg,884,368,1010,932,start_tick
../vocdata/frame230.jpg,1,387,1720,1076,start_gate
../vocdata/frame234.jpg,861,396,1026,1003,start_tick
../vocdata/frame234.jpg,1,403,1720,1080,start_gate
../vocdata/frame220.jpg,884,381,995,868,start_tick
../vocdata/frame220.jpg,1,386,1720,1080,start_gate
../vocdata/frame142.jpg,861,412,908,667,start_tick
../vocdata/frame142.jpg,270,446,1306,983,start_gate
../vocdata/frame68.jpg,1152,443,1185,589,start_tick
../vocdata/frame68.jpg,806,450,1454,763,start_gate
../vocdata/frame54.jpg,900,428,1506,719,start_gate
../vocdata/frame54.jpg,1221,429,1246,545,start_tick
../vocdata/frame40.jpg,777,348,1312,625,start_gate
../vocdata/frame181.jpg,858,390,909,702,start_tick
../vocdata/frame181.jpg,24,419,1467,1080,start_gate
../vocdata/frame97.jpg,772,426,823,619,start_tick
../vocdata/frame97.jpg,351,460,1110,846,start_gate
../vocdata/frame83.jpg,1146,468,1183,626,start_tick
../vocdata/frame83.jpg,777,482,1476,819,start_gate
../vocdata/frame96.jpg,824,444,870,619,start_tick
../vocdata/frame96.jpg,411,467,1159,848,start_gate
../vocdata/frame194.jpg,866,418,917,771,start_tick
../vocdata/frame194.jpg,1,444,1584,1080,start_gate
../vocdata/frame180.jpg,863,400,908,703,start_tick
../vocdata/frame180.jpg,25,410,1465,1080,start_gate
../vocdata/frame41.jpg,775,348,1312,613,start_gate
../vocdata/frame55.jpg,894,424,1511,723,start_gate
../vocdata/frame55.jpg,1216,424,1240,554,start_tick
../vocdata/frame157.jpg,854,416,893,676,start_tick
../vocdata/frame157.jpg,194,439,1347,1022,start_gate
../vocdata/frame143.jpg,861,418,909,662,start_tick
../vocdata/frame143.jpg,276,445,1309,969,start_gate
../vocdata/frame69.jpg,1150,472,1181,601,start_tick
../vocdata/frame69.jpg,805,464,1460,777,start_gate
../vocdata/frame209.jpg,873,408,960,838,start_tick
../vocdata/frame209.jpg,1,423,1720,1080,start_gate
../vocdata/frame221.jpg,1,388,1720,1079,start_gate
../vocdata/frame221.jpg,899,383,976,853,start_tick
../vocdata/frame235.jpg,1,414,1720,1080,start_gate
../vocdata/frame235.jpg,894,394,995,982,start_tick
../vocdata/frame237.jpg,1,403,1720,1080,start_gate
../vocdata/frame237.jpg,851,423,975,1023,start_tick
../vocdata/frame141.jpg,869,413,912,658,start_tick
../vocdata/frame141.jpg,293,441,1308,965,start_gate
../vocdata/frame169.jpg,852,388,902,677,start_tick
../vocdata/frame169.jpg,108,415,1401,1065,start_gate
../vocdata/frame43.jpg,825,369,1391,646,start_gate
../vocdata/frame57.jpg,895,438,1508,730,start_gate
../vocdata/frame57.jpg,1223,445,1244,556,start_tick
../vocdata/frame196.jpg,861,399,919,777,start_tick
../vocdata/frame196.jpg,1,444,1585,1080,start_gate
../vocdata/frame182.jpg,854,400,911,711,start_tick
../vocdata/frame182.jpg,1,420,1482,1080,start_gate
../vocdata/frame80.jpg,1157,495,1181,626,start_tick
../vocdata/frame80.jpg,791,467,1477,804,start_gate
../vocdata/frame94.jpg,824,443,868,630,start_tick
../vocdata/frame94.jpg,407,468,1150,851,start_gate
../vocdata/frame357.jpg,1677,1,1720,539,start_gate
../vocdata/frame95.jpg,819,431,871,627,start_tick
../vocdata/frame95.jpg,414,472,1143,846,start_gate
../vocdata/frame183.jpg,857,396,906,713,start_tick
../vocdata/frame183.jpg,1,411,1481,1079,start_gate
../vocdata/frame197.jpg,873,414,933,791,start_tick
../vocdata/frame197.jpg,1,445,1622,1080,start_gate
../vocdata/frame56.jpg,896,423,1502,709,start_gate
../vocdata/frame56.jpg,1219,423,1243,546,start_tick
../vocdata/frame168.jpg,857,396,900,669,start_tick
../vocdata/frame168.jpg,132,418,1390,1054,start_gate
../vocdata/frame140.jpg,858,397,925,651,start_tick
../vocdata/frame140.jpg,292,442,1307,958,start_gate
../vocdata/frame236.jpg,890,394,998,995,start_tick
../vocdata/frame236.jpg,1,403,1720,1080,start_gate
../vocdata/frame222.jpg,890,385,988,898,start_tick
../vocdata/frame222.jpg,1,389,1720,1080,start_gate
../vocdata/frame279.jpg,1,347,1111,1080,start_gate
../vocdata/frame245.jpg,1,415,1720,1080,start_gate
../vocdata/frame245.jpg,694,401,827,1063,start_tick
../vocdata/frame251.jpg,1,376,1720,1080,start_gate
../vocdata/frame251.jpg,625,364,840,1071,start_tick
../vocdata/frame292.jpg,1,332,1308,1080,start_gate
../vocdata/frame31.jpg,716,471,1219,732,start_gate
../vocdata/frame133.jpg,836,449,898,704,start_tick
../vocdata/frame133.jpg,281,488,1268,992,start_gate
../vocdata/frame19.jpg,735,478,1253,739,start_gate
../vocdata/frame127.jpg,786,527,836,763,start_tick
../vocdata/frame127.jpg,218,558,1204,1059,start_gate
../vocdata/frame319.jpg,1301,1,1563,1080,start_gate
../vocdata/frame325.jpg,1435,1,1702,1080,start_gate
../vocdata/frame330.jpg,1572,1,1720,1080,start_gate
../vocdata/frame318.jpg,1278,1,1525,1080,start_gate
../vocdata/frame126.jpg,823,575,859,756,start_tick
../vocdata/frame126.jpg,248,561,1229,1050,start_gate
../vocdata/frame132.jpg,293,497,1260,988,start_gate
../vocdata/frame132.jpg,843,464,889,692,start_tick
../vocdata/frame18.jpg,752,475,1258,726,start_gate
../vocdata/frame30.jpg,713,470,1219,734,start_gate
../vocdata/frame24.jpg,726,477,1231,742,start_gate
../vocdata/frame293.jpg,1,335,1319,1080,start_gate
../vocdata/frame287.jpg,1,316,1283,1080,start_gate
../vocdata/frame250.jpg,1,395,1720,1080,start_gate
../vocdata/frame250.jpg,651,385,812,1075,start_tick
../vocdata/frame244.jpg,704,396,808,1064,start_tick
../vocdata/frame244.jpg,1,415,1720,1080,start_gate
../vocdata/frame278.jpg,1,319,1100,1080,start_gate
../vocdata/frame252.jpg,634,382,816,1071,start_tick
../vocdata/frame252.jpg,1,378,1719,1080,start_gate
../vocdata/frame246.jpg,681,399,841,1063,start_tick
../vocdata/frame246.jpg,1,418,1720,1080,start_gate
../vocdata/frame285.jpg,1,290,1259,1080,start_gate
../vocdata/frame118.jpg,851,468,887,644,start_tick
../vocdata/frame118.jpg,351,451,1242,904,start_gate
../vocdata/frame32.jpg,629,415,1157,682,start_gate
../vocdata/frame26.jpg,725,476,1226,740,start_gate
../vocdata/frame326.jpg,1426,1,1704,1080,start_gate
../vocdata/frame332.jpg,1637,1,1720,1080,start_gate
../vocdata/frame333.jpg,1639,1,1720,1044,start_gate
../vocdata/frame327.jpg,1504,1,1720,1080,start_gate
../vocdata/frame131.jpg,799,490,834,734,start_tick
../vocdata/frame131.jpg,225,520,1225,1039,start_gate
../vocdata/frame119.jpg,857,502,891,690,start_tick
../vocdata/frame119.jpg,340,490,1248,956,start_gate
../vocdata/frame284.jpg,1,306,1264,1080,start_gate
../vocdata/frame247.jpg,1,405,1720,1080,start_gate
../vocdata/frame247.jpg,661,399,823,1067,start_tick
../vocdata/frame253.jpg,662,384,794,1064,start_tick
../vocdata/frame253.jpg,1,381,1720,1080,start_gate
../vocdata/frame257.jpg,664,382,810,1066,start_tick
../vocdata/frame257.jpg,1,371,1720,1080,start_gate
../vocdata/frame294.jpg,1,240,1320,1080,start_gate
../vocdata/frame280.jpg,1,350,1112,1080,start_gate
../vocdata/frame121.jpg,854,507,889,690,start_tick
../vocdata/frame121.jpg,330,489,1248,953,start_gate
../vocdata/frame135.jpg,863,435,912,685,start_tick
../vocdata/frame135.jpg,306,474,1309,969,start_gate
../vocdata/frame37.jpg,744,344,1268,608,start_gate
../vocdata/frame23.jpg,730,475,1248,755,start_gate
../vocdata/frame323.jpg,1354,1,1635,1080,start_gate
../vocdata/frame322.jpg,1354,1,1627,1080,start_gate
../vocdata/frame108.jpg,778,435,816,611,start_tick
../vocdata/frame108.jpg,304,435,1135,851,start_gate
../vocdata/frame22.jpg,734,478,1248,751,start_gate
../vocdata/frame36.jpg,680,350,1204,612,start_gate
../vocdata/frame134.jpg,859,426,915,689,start_tick
../vocdata/frame134.jpg,312,471,1299,976,start_gate
../vocdata/frame120.jpg,857,508,885,686,start_tick
../vocdata/frame120.jpg,334,497,1255,952,start_gate
../vocdata/frame295.jpg,1,241,1322,1080,start_gate
../vocdata/frame242.jpg,733,398,846,1033,start_tick
../vocdata/frame242.jpg,1,410,1720,1080,start_gate
../vocdata/frame256.jpg,1,392,1718,1078,start_gate
../vocdata/frame256.jpg,657,370,800,1057,start_tick
../vocdata/frame240.jpg,784,412,904,1044,start_tick
../vocdata/frame240.jpg,1,414,1720,1080,start_gate
../vocdata/frame254.jpg,655,371,805,1067,start_tick
../vocdata/frame254.jpg,1,364,1720,1080,start_gate
../vocdata/frame268.jpg,667,322,816,1080,start_tick
../vocdata/frame268.jpg,1,356,1720,1080,start_gate
../vocdata/frame297.jpg,1,89,1338,1080,start_gate
../vocdata/frame9.jpg,763,479,1262,720,start_gate
../vocdata/frame136.jpg,864,431,909,682,start_tick
../vocdata/frame136.jpg,314,474,1297,969,start_gate
../vocdata/frame122.jpg,838,552,879,734,start_tick
../vocdata/frame122.jpg,306,545,1245,1014,start_gate
../vocdata/frame20.jpg,741,481,1261,735,start_gate
../vocdata/frame34.jpg,688,359,1207,644,start_gate
../vocdata/frame320.jpg,1311,1,1560,1080,start_gate
../vocdata/frame308.jpg,171,1,1374,1080,start_gate
../vocdata/frame309.jpg,1205,1,1426,1080,start_gate
../vocdata/frame35.jpg,684,350,1201,623,start_gate
../vocdata/frame21.jpg,744,475,1254,758,start_gate
../vocdata/frame123.jpg,840,558,880,740,start_tick
../vocdata/frame123.jpg,300,539,1262,1014,start_gate
../vocdata/frame8.jpg,776,480,1289,760,start_gate
../vocdata/frame137.jpg,871,383,915,672,start_tick
../vocdata/frame137.jpg,310,461,1302,967,start_gate
../vocdata/frame296.jpg,1,229,1322,1080,start_gate
../vocdata/frame282.jpg,1,310,1197,1080,start_gate
../vocdata/frame255.jpg,654,375,799,1068,start_tick
../vocdata/frame255.jpg,1,380,1720,1080,start_gate
../vocdata/frame241.jpg,1,414,1720,1080,start_gate
../vocdata/frame241.jpg,782,431,904,1041,start_tick
../vocdata/frame258.jpg,1,377,1720,1080,start_gate
../vocdata/frame258.jpg,655,371,827,1077,start_tick
../vocdata/frame264.jpg,681,344,830,1080,start_tick
../vocdata/frame264.jpg,1,346,1720,1080,start_gate
../vocdata/frame270.jpg,1,317,1720,1080,start_gate
../vocdata/frame270.jpg,443,314,631,1080,start_tick
../vocdata/frame5.jpg,789,476,1298,736,start_gate
../vocdata/frame112.jpg,818,455,848,619,start_tick
../vocdata/frame112.jpg,334,436,1191,880,start_gate
../vocdata/frame38.jpg,738,341,1263,611,start_gate
../vocdata/frame106.jpg,754,436,792,604,start_tick
../vocdata/frame106.jpg,303,434,1104,842,start_gate
../vocdata/frame305.jpg,1,1,1357,1080,start_gate
../vocdata/frame311.jpg,1215,1,1434,1080,start_gate
../vocdata/frame113.jpg,818,449,850,624,start_tick
../vocdata/frame113.jpg,330,437,1182,876,start_gate
../vocdata/frame39.jpg,774,347,1312,622,start_gate
../vocdata/frame11.jpg,759,474,1275,745,start_gate
../vocdata/frame4.jpg,794,474,1302,730,start_gate
../vocdata/frame271.jpg,454,334,619,1080,start_tick
../vocdata/frame271.jpg,1,319,1720,1080,start_gate
../vocdata/frame265.jpg,1,346,1720,1080,start_gate
../vocdata/frame265.jpg,664,348,850,1080,start_tick
../vocdata/frame259.jpg,680,386,799,1080,start_tick
../vocdata/frame259.jpg,1,368,1720,1080,start_gate
../vocdata/frame273.jpg,126,307,257,1079,start_tick
../vocdata/frame273.jpg,1,289,1491,1080,start_gate
../vocdata/frame298.jpg,1,80,1340,1080,start_gate
../vocdata/frame139.jpg,864,390,913,655,start_tick
../vocdata/frame139.jpg,293,443,1319,961,start_gate
../vocdata/frame6.jpg,797,475,1302,737,start_gate
../vocdata/frame111.jpg,803,449,833,618,start_tick
../vocdata/frame111.jpg,335,437,1155,858,start_gate
../vocdata/frame307.jpg,189,1,1375,1080,start_gate
../vocdata/frame313.jpg,1272,1,1457,1080,start_gate
../vocdata/frame312.jpg,1259,1,1467,1080,start_gate
../vocdata/frame306.jpg,1,1,1353,1080,start_gate
../vocdata/frame110.jpg,804,444,834,615,start_tick
../vocdata/frame110.jpg,328,431,1169,861,start_gate
../vocdata/frame104.jpg,752,423,795,611,start_tick
../vocdata/frame104.jpg,304,433,1104,847,start_gate
../vocdata/frame12.jpg,739,477,1266,733,start_gate
../vocdata/frame7.jpg,784,487,1284,746,start_gate
../vocdata/frame299.jpg,1,53,1342,1080,start_gate
../vocdata/frame266.jpg,662,346,848,1078,start_tick
../vocdata/frame266.jpg,1,350,1720,1080,start_gate
../vocdata/frame276.jpg,1,323,1243,1080,start_gate
../vocdata/frame262.jpg,689,355,828,1080,start_tick
../vocdata/frame262.jpg,1,353,1720,1080,start_gate
../vocdata/frame289.jpg,1,343,1293,1080,start_gate
../vocdata/frame100.jpg,748,446,796,610,start_tick
../vocdata/frame100.jpg,326,439,1093,837,start_gate
../vocdata/frame114.jpg,832,461,862,632,start_tick
../vocdata/frame114.jpg,336,441,1214,890,start_gate
../vocdata/frame3.jpg,804,470,1317,730,start_gate
../vocdata/frame316.jpg,1259,1,1495,1080,start_gate
../vocdata/frame303.jpg,1,1,1368,1080,start_gate
../vocdata/frame115.jpg,830,461,866,633,start_tick
../vocdata/frame115.jpg,340,440,1211,890,start_gate
../vocdata/frame101.jpg,761,443,802,604,start_tick
../vocdata/frame101.jpg,320,437,1095,842,start_gate
../vocdata/frame288.jpg,1,319,1280,1080,start_gate
../vocdata/frame263.jpg,1,353,1720,1080,start_gate
../vocdata/frame263.jpg,691,351,813,1080,start_tick
../vocdata/frame277.jpg,1,305,1109,1080,start_gate
../vocdata/frame261.jpg,680,377,812,1080,start_tick
../vocdata/frame261.jpg,1,363,1720,1080,start_gate
../vocdata/frame275.jpg,2,314,1248,1080,start_gate
../vocdata/frame117.jpg,853,468,888,642,start_tick
../vocdata/frame117.jpg,348,452,1245,906,start_gate
../vocdata/frame103.jpg,749,444,790,604,start_tick
../vocdata/frame103.jpg,310,425,1083,830,start_gate
../vocdata/frame29.jpg,709,474,1230,730,start_gate
../vocdata/frame15.jpg,751,473,1246,719,start_gate
../vocdata/frame315.jpg,1268,1,1488,1080,start_gate
../vocdata/frame301.jpg,1,56,1338,1080,start_gate
../vocdata/frame329.jpg,1570,1,1720,1080,start_gate
../vocdata/frame328.jpg,1500,1,1720,1080,start_gate
../vocdata/frame314.jpg,1270,1,1491,1080,start_gate
../vocdata/frame14.jpg,746,476,1256,723,start_gate
../vocdata/frame1.jpg,817,477,1346,766,start_gate
../vocdata/frame102.jpg,750,440,793,603,start_tick
../vocdata/frame102.jpg,307,429,1105,843,start_gate
../vocdata/frame28.jpg,715,474,1223,734,start_gate
../vocdata/frame116.jpg,827,464,872,633,start_tick
../vocdata/frame116.jpg,338,445,1213,894,start_gate
../vocdata/frame274.jpg,1,314,1246,1080,start_gate
../vocdata/frame260.jpg,1,368,1720,1080,start_gate
../vocdata/frame260.jpg,675,388,816,1080,start_tick
../vocdata/frame207.jpg,1,410,1710,1080,start_gate
../vocdata/frame207.jpg,868,394,955,818,start_tick
../vocdata/frame213.jpg,865,394,971,846,start_tick
../vocdata/frame213.jpg,1,413,1720,1080,start_gate
../vocdata/frame67.jpg,813,447,1447,759,start_gate
../vocdata/frame67.jpg,1153,465,1176,581,start_tick
../vocdata/frame73.jpg,1159,478,1186,612,start_tick
../vocdata/frame73.jpg,800,473,1478,788,start_gate
../vocdata/frame171.jpg,853,381,901,684,start_tick
../vocdata/frame171.jpg,111,410,1403,1061,start_gate
../vocdata/frame165.jpg,855,382,900,669,start_tick
../vocdata/frame165.jpg,152,424,1371,1039,start_gate
../vocdata/frame98.jpg,776,425,818,622,start_tick
../vocdata/frame98.jpg,347,454,1105,850,start_gate
../vocdata/frame99.jpg,756,415,803,603,start_tick
../vocdata/frame99.jpg,316,441,1103,839,start_gate
../vocdata/frame164.jpg,853,384,901,675,start_tick
../vocdata/frame164.jpg,152,416,1373,1040,start_gate
../vocdata/frame170.jpg,857,394,898,673,start_tick
../vocdata/frame170.jpg,103,416,1400,1063,start_gate
../vocdata/frame72.jpg,1157,475,1185,603,start_tick
../vocdata/frame72.jpg,800,471,1479,791,start_gate
../vocdata/frame66.jpg,850,456,1482,758,start_gate
../vocdata/frame66.jpg,1181,466,1207,572,start_tick
../vocdata/frame212.jpg,1,411,1720,1080,start_gate
../vocdata/frame212.jpg,875,395,964,839,start_tick
../vocdata/frame206.jpg,863,394,951,796,start_tick
../vocdata/frame206.jpg,1,405,1695,1080,start_gate
../vocdata/frame238.jpg,848,425,968,1031,start_tick
../vocdata/frame238.jpg,1,421,1720,1080,start_gate
../vocdata/frame210.jpg,1,410,1720,1080,start_gate
../vocdata/frame210.jpg,863,408,971,844,start_tick
../vocdata/frame204.jpg,862,401,951,795,start_tick
../vocdata/frame204.jpg,1,407,1684,1080,start_gate
../vocdata/frame70.jpg,1149,480,1179,600,start_tick
../vocdata/frame70.jpg,804,464,1448,780,start_gate
../vocdata/frame64.jpg,843,446,1479,758,start_gate
../vocdata/frame64.jpg,1182,466,1209,581,start_tick
../vocdata/frame166.jpg,854,394,900,667,start_tick
../vocdata/frame166.jpg,152,424,1372,1043,start_gate
../vocdata/frame172.jpg,844,390,905,680,start_tick
../vocdata/frame172.jpg,81,415,1411,1074,start_gate
../vocdata/frame58.jpg,895,444,1503,714,start_gate
../vocdata/frame58.jpg,1219,447,1240,554,start_tick
../vocdata/frame199.jpg,884,387,937,784,start_tick
../vocdata/frame199.jpg,1,410,1657,1079,start_gate
../vocdata/frame364.jpg,1451,1,1720,1080,start_gate
../vocdata/frame359.jpg,1582,1,1720,1080,start_gate
../vocdata/frame198.jpg,874,417,933,793,start_tick
../vocdata/frame198.jpg,1,443,1623,1080,start_gate
../vocdata/frame173.jpg,850,393,905,677,start_tick
../vocdata/frame173.jpg,85,415,1410,1074,start_gate
../vocdata/frame59.jpg,883,440,1505,732,start_gate
../vocdata/frame59.jpg,1210,448,1236,561,start_tick
../vocdata/frame167.jpg,858,388,898,672,start_tick
../vocdata/frame167.jpg,131,417,1395,1053,start_gate
../vocdata/frame71.jpg,1150,472,1181,601,start_tick
../vocdata/frame71.jpg,805,464,1447,775,start_gate
../vocdata/frame205.jpg,1,404,1688,1080,start_gate
../vocdata/frame205.jpg,863,394,953,791,start_tick
../vocdata/frame211.jpg,873,405,957,840,start_tick
../vocdata/frame211.jpg,1,415,1720,1080,start_gate
../vocdata/frame239.jpg,1,413,1720,1080,start_gate
../vocdata/frame239.jpg,780,419,909,1048,start_tick
../vocdata/frame215.jpg,889,396,960,839,start_tick
../vocdata/frame215.jpg,1,386,1720,1080,start_gate
../vocdata/frame229.jpg,1,387,1720,1080,start_gate
../vocdata/frame229.jpg,890,376,1012,930,start_tick
../vocdata/frame163.jpg,851,392,896,676,start_tick
../vocdata/frame163.jpg,166,426,1359,1029,start_gate
../vocdata/frame49.jpg,895,412,1482,697,start_gate
../vocdata/frame177.jpg,854,396,901,698,start_tick
../vocdata/frame177.jpg,36,413,1440,1080,start_gate
../vocdata/frame75.jpg,1150,479,1180,625,start_tick
../vocdata/frame75.jpg,787,462,1474,799,start_gate
../vocdata/frame361.jpg,1573,1,1720,1080,start_gate
../vocdata/frame360.jpg,1567,1,1720,1080,start_gate
../vocdata/frame60.jpg,881,436,1505,729,start_gate
../vocdata/frame60.jpg,1211,446,1235,565,start_tick
../vocdata/frame74.jpg,1150,474,1183,614,start_tick
../vocdata/frame74.jpg,787,460,1463,793,start_gate
../vocdata/frame176.jpg,848,384,891,679,start_tick
../vocdata/frame176.jpg,56,408,1410,1080,start_gate
../vocdata/frame162.jpg,851,389,897,673,start_tick
../vocdata/frame162.jpg,161,428,1362,1033,start_gate
../vocdata/frame48.jpg,889,414,1465,697,start_gate
../vocdata/frame214.jpg,1,387,1720,1080,start_gate
../vocdata/frame214.jpg,880,399,973,858,start_tick
../vocdata/frame202.jpg,1,385,1671,1080,start_gate
../vocdata/frame202.jpg,871,416,950,800,start_tick
../vocdata/frame216.jpg,1,408,1720,1080,start_gate
../vocdata/frame216.jpg,880,401,973,850,start_tick
../vocdata/frame174.jpg,845,381,895,686,start_tick
../vocdata/frame174.jpg,52,411,1410,1078,start_gate
../vocdata/frame160.jpg,850,410,889,670,start_tick
../vocdata/frame160.jpg,166,437,1362,1033,start_gate
../vocdata/frame148.jpg,861,432,899,681,start_tick
../vocdata/frame148.jpg,246,459,1324,1004,start_gate
../vocdata/frame62.jpg,859,435,1501,733,start_gate
../vocdata/frame62.jpg,1200,453,1226,570,start_tick
../vocdata/frame363.jpg,1521,1,1720,1080,start_gate
../vocdata/frame77.jpg,1152,483,1184,620,start_tick
../vocdata/frame77.jpg,794,465,1474,804,start_gate
../vocdata/frame149.jpg,865,435,898,682,start_tick
../vocdata/frame149.jpg,235,459,1325,1008,start_gate
../vocdata/frame63.jpg,864,439,1487,739,start_gate
../vocdata/frame63.jpg,1201,456,1223,572,start_tick
../vocdata/frame161.jpg,848,407,889,675,start_tick
../vocdata/frame161.jpg,173,439,1349,1023,start_gate
../vocdata/frame175.jpg,849,385,891,690,start_tick
../vocdata/frame175.jpg,55,410,1414,1080,start_gate
../vocdata/frame217.jpg,1,391,1720,1080,start_gate
../vocdata/frame217.jpg,885,381,973,840,start_tick
../vocdata/frame203.jpg,868,408,953,797,start_tick
../vocdata/frame203.jpg,1,385,1666,1080,start_gate
../newdata/0.jpg,620,0,1157,133,start_gate
../newdata/1.jpg,632,0,1154,108,start_gate
../newdata/2.jpg,594,385,1156,664,start_gate
../newdata/3.jpg,637,0,1150,153,start_gate
../newdata/4.jpg,623,0,1160,137,start_gate
../newdata/5.jpg,627,206,1166,505,start_gate
../newdata/6.jpg,637,0,1175,181,start_gate
../newdata/7.jpg,638,0,1155,156,start_gate
../newdata/8.jpg,536,440,1115,737,start_gate
../newdata/9.jpg,636,0,1162,160,start_gate
../newdata/10.jpg,658,0,1207,198,start_gate
../newdata/11.jpg,640,0,1181,174,start_gate
../newdata/12.jpg,653,0,1191,189,start_gate
../newdata/13.jpg,638,0,1179,178,start_gate
../newdata/14.jpg,646,0,1181,181,start_gate
../newdata/15.jpg,681,0,1236,239,start_gate
../newdata/16.jpg,668,0,1223,226,start_gate
../newdata/17.jpg,694,0,1256,258,start_gate
../newdata/18.jpg,663,0,1216,210,start_gate
../newdata/19.jpg,689,0,1248,259,start_gate
../newdata/20.jpg,702,0,1267,259,start_gate
../newdata/21.jpg,722,0,1274,273,start_gate
../newdata/22.jpg,718,0,1268,270,start_gate
../newdata/23.jpg,720,0,1271,259,start_gate
../newdata/24.jpg,706,0,1278,277,start_gate
../newdata/25.jpg,716,0,1263,252,start_gate
../newdata/26.jpg,690,0,1245,263,start_gate
../newdata/27.jpg,676,0,1233,294,start_gate
../newdata/28.jpg,677,0,1236,277,start_gate
../newdata/29.jpg,704,0,1253,261,start_gate
../newdata/30.jpg,621,178,1159,474,start_gate
../newdata/31.jpg,634,24,1176,330,start_gate
../newdata/32.jpg,627,0,1190,315,start_gate
../newdata/33.jpg,669,0,1231,308,start_gate
../newdata/34.jpg,618,72,1161,370,start_gate
../newdata/35.jpg,627,196,1169,493,start_gate
../newdata/36.jpg,627,239,1166,512,start_gate
../newdata/37.jpg,626,197,1164,485,start_gate
../newdata/38.jpg,626,272,1169,558,start_gate
../newdata/39.jpg,628,255,1160,531,start_gate
../newdata/40.jpg,625,290,1182,573,start_gate
../newdata/41.jpg,624,318,1176,593,start_gate
../newdata/42.jpg,631,310,1179,579,start_gate
../newdata/43.jpg,614,335,1171,619,start_gate
../newdata/44.jpg,625,331,1179,601,start_gate
../newdata/45.jpg,591,380,1152,663,start_gate
../newdata/46.jpg,598,367,1162,654,start_gate
../newdata/47.jpg,586,379,1156,667,start_gate
../newdata/48.jpg,606,355,1160,637,start_gate
../newdata/49.jpg,614,347,1168,624,start_gate
../newdata/50.jpg,562,389,1133,686,start_gate
../newdata/51.jpg,574,378,1146,673,start_gate
../newdata/52.jpg,566,387,1137,680,start_gate
../newdata/53.jpg,562,387,1141,675,start_gate
../newdata/54.jpg,576,380,1143,667,start_gate
../newdata/55.jpg,555,396,1127,699,start_gate
../newdata/56.jpg,540,430,1119,734,start_gate
../newdata/57.jpg,544,420,1120,719,start_gate
../newdata/58.jpg,551,414,1123,712,start_gate
../newdata/59.jpg,534,447,1115,733,start_gate
../newdata/60.jpg,533,451,1114,747,start_gate
../newdata/61.jpg,519,459,1107,764,start_gate
../newdata/62.jpg,532,452,1108,753,start_gate
../newdata/63.jpg,529,456,1104,760,start_gate
../newdata/64.jpg,522,460,1108,765,start_gate
../newdata/65.jpg,521,458,1109,771,start_gate
../newdata/66.jpg,511,468,1104,781,start_gate
../newdata/67.jpg,512,470,1110,772,start_gate
../newdata/68.jpg,514,472,1104,772,start_gate
../newdata/69.jpg,515,478,1100,780,start_gate
../newdata/70.jpg,516,477,1100,779,start_gate
../newdata/71.jpg,514,480,1094,779,start_gate
../newdata/72.jpg,509,483,1096,783,start_gate
../newdata/73.jpg,514,482,1092,779,start_gate
../newdata/74.jpg,507,480,1099,778,start_gate
../newdata/75.jpg,508,485,1096,780,start_gate
../newdata/76.jpg,504,470,1106,780,start_gate
../newdata/77.jpg,508,478,1099,778,start_gate
../newdata/78.jpg,512,472,1101,779,start_gate
../newdata/79.jpg,505,476,1103,779,start_gate
../newdata/80.jpg,506,475,1109,775,start_gate
../newdata/81.jpg,507,468,1104,770,start_gate
../newdata/82.jpg,502,469,1102,772,start_gate
../newdata/83.jpg,503,466,1104,774,start_gate
../newdata/84.jpg,505,460,1106,773,start_gate
../newdata/85.jpg,507,463,1107,768,start_gate
../newdata/86.jpg,513,462,1117,776,start_gate
../newdata/87.jpg,508,459,1118,765,start_gate
../newdata/88.jpg,506,461,1124,782,start_gate
../newdata/89.jpg,510,457,1112,763,start_gate
../newdata/90.jpg,512,461,1122,772,start_gate
../newdata/91.jpg,517,465,1133,780,start_gate
../newdata/92.jpg,513,459,1132,776,start_gate
../newdata/93.jpg,515,463,1134,781,start_gate
../newdata/94.jpg,511,465,1129,787,start_gate
../newdata/95.jpg,516,459,1136,774,start_gate
../newdata/96.jpg,512,446,1134,770,start_gate
../newdata/97.jpg,513,458,1139,779,start_gate
../newdata/98.jpg,509,452,1135,776,start_gate
../newdata/99.jpg,506,442,1132,774,start_gate
../newdata/100.jpg,508,436,1138,760,start_gate
../newdata/101.jpg,504,437,1132,767,start_gate
../newdata/102.jpg,504,444,1128,766,start_gate
../newdata/103.jpg,500,439,1132,760,start_gate
../newdata/104.jpg,506,434,1138,758,start_gate
../newdata/105.jpg,509,437,1146,765,start_gate
../newdata/106.jpg,513,440,1156,770,start_gate
../newdata/107.jpg,514,437,1152,758,start_gate
../newdata/108.jpg,517,438,1162,770,start_gate
../newdata/109.jpg,509,445,1146,763,start_gate
../newdata/110.jpg,520,435,1177,774,start_gate
../newdata/111.jpg,514,443,1158,775,start_gate
../newdata/112.jpg,516,441,1169,772,start_gate
../newdata/113.jpg,515,445,1161,776,start_gate
../newdata/114.jpg,517,438,1162,774,start_gate
../newdata/115.jpg,520,440,1175,776,start_gate
../newdata/116.jpg,530,439,1183,773,start_gate
../newdata/117.jpg,526,437,1176,771,start_gate
../newdata/118.jpg,524,439,1176,773,start_gate
../newdata/119.jpg,538,434,1195,781,start_gate
../newdata/120.jpg,541,440,1202,783,start_gate
../newdata/121.jpg,568,449,1234,798,start_gate
../newdata/122.jpg,553,444,1209,783,start_gate
../newdata/123.jpg,570,439,1230,793,start_gate
../newdata/124.jpg,574,450,1237,803,start_gate
../newdata/125.jpg,573,450,1249,801,start_gate
../newdata/126.jpg,568,444,1251,803,start_gate
../newdata/127.jpg,571,445,1255,807,start_gate
../newdata/128.jpg,574,445,1247,806,start_gate
../newdata/129.jpg,574,447,1243,808,start_gate
../newdata/130.jpg,15,241,1616,1080,start_gate
../newdata/131.jpg,0,229,1599,1080,start_gate
../newdata/132.jpg,0,239,1602,1080,start_gate
../newdata/133.jpg,0,102,1006,990,start_gate
../newdata/134.jpg,573,442,1256,804,start_gate
../newdata/135.jpg,39,243,1633,1070,start_gate
../newdata/136.jpg,31,235,1607,1075,start_gate
../newdata/137.jpg,0,239,1606,1079,start_gate
../newdata/138.jpg,34,233,1634,1071,start_gate
../newdata/139.jpg,0,232,1607,1080,start_gate
../newdata/140.jpg,0,225,1600,1080,start_gate
../newdata/141.jpg,0,210,1592,1080,start_gate
../newdata/142.jpg,0,226,1602,1080,start_gate
../newdata/143.jpg,0,213,1592,1080,start_gate
../newdata/144.jpg,0,203,1577,1080,start_gate
../newdata/145.jpg,0,195,1553,1080,start_gate
../newdata/146.jpg,0,179,1515,1044,start_gate
../newdata/147.jpg,0,185,1539,1080,start_gate
../newdata/148.jpg,0,191,1561,1080,start_gate
../newdata/149.jpg,0,199,1572,1080,start_gate
../newdata/150.jpg,0,157,1484,1016,start_gate
../newdata/151.jpg,0,134,1416,1027,start_gate
../newdata/152.jpg,0,153,1444,1011,start_gate
../newdata/153.jpg,0,147,1454,1008,start_gate
../newdata/154.jpg,0,161,1496,1020,start_gate
../newdata/155.jpg,0,137,1391,1012,start_gate
../newdata/156.jpg,0,119,1357,1004,start_gate
../newdata/157.jpg,0,119,1381,1012,start_gate
../newdata/158.jpg,0,114,1334,998,start_gate
../newdata/159.jpg,0,109,1307,1000,start_gate
../newdata/160.jpg,0,93,1237,997,start_gate
../newdata/161.jpg,0,85,1210,990,start_gate
../newdata/162.jpg,0,92,1251,993,start_gate
../newdata/163.jpg,0,109,1270,992,start_gate
../newdata/164.jpg,0,89,1304,1004,start_gate
../newdata/165.jpg,0,95,1136,996,start_gate
../newdata/166.jpg,0,80,1145,988,start_gate
../newdata/167.jpg,0,100,1155,992,start_gate
../newdata/168.jpg,0,88,1177,988,start_gate
../newdata/169.jpg,0,94,1190,991,start_gate
../newdata/170.jpg,0,92,1114,988,start_gate
../newdata/171.jpg,0,101,1083,995,start_gate
../newdata/172.jpg,0,92,1064,988,start_gate
../newdata/173.jpg,0,92,1050,994,start_gate
../newdata/174.jpg,0,98,1094,995,start_gate
../newdata/175.jpg,0,87,1012,998,start_gate
../newdata/176.jpg,0,95,1043,998,start_gate
../newdata/177.jpg,0,85,1040,999,start_gate
../newdata/178.jpg,0,81,1024,996,start_gate
../newdata/179.jpg,0,91,1010,995,start_gate
../newdata/180.jpg,0,96,1008,993,start_gate
../newdata/181.jpg,0,86,1009,994,start_gate
../newdata/182.jpg,0,84,1000,990,start_gate
../newdata/183.jpg,0,99,1004,985,start_gate
../newdata/184.jpg,0,100,1005,986,start_gate
../newdata/185.jpg,0,97,1049,996,start_gate
../newdata/186.jpg,0,96,1064,999,start_gate
../newdata/187.jpg,0,79,1021,992,start_gate
../newdata/188.jpg,0,88,1047,993,start_gate
../newdata/189.jpg,0,79,1030,993,start_gate
../newdata/190.jpg,0,99,1134,1011,start_gate
../newdata/191.jpg,0,91,1089,1002,start_gate
../newdata/192.jpg,0,121,1162,1015,start_gate
../newdata/193.jpg,0,110,1200,1016,start_gate
../newdata/194.jpg,0,104,1107,1006,start_gate
../newdata/195.jpg,0,120,1229,1017,start_gate
../newdata/196.jpg,0,122,1298,1025,start_gate
../newdata/197.jpg,0,117,1336,1030,start_gate
../newdata/198.jpg,0,121,1266,1021,start_gate
../newdata/199.jpg,0,119,1376,1032,start_gate
../newdata/200.jpg,0,150,1748,1079,start_gate
../newdata/201.jpg,0,125,1462,1040,start_gate
../newdata/202.jpg,0,129,1540,1054,start_gate
../newdata/203.jpg,0,141,1635,1079,start_gate
../newdata/204.jpg,0,155,1694,1080,start_gate
../newdata/205.jpg,0,136,1920,1080,start_gate
../newdata/206.jpg,0,146,1864,1080,start_gate
../newdata/207.jpg,0,142,1910,1080,start_gate
../newdata/208.jpg,0,138,1806,1080,start_gate
../newdata/209.jpg,0,140,1919,1079,start_gate
../newdata/210.jpg,0,132,1920,1080,start_gate
../newdata/211.jpg,0,128,1920,1080,start_gate
../newdata/212.jpg,30,99,1919,1079,start_gate
../newdata/213.jpg,70,96,1920,1079,start_gate
../newdata/214.jpg,0,120,1919,1080,start_gate
../newdata/215.jpg,254,88,1920,1080,start_gate
../newdata/216.jpg,148,95,1920,1079,start_gate
../newdata/217.jpg,221,87,1920,1080,start_gate
../newdata/218.jpg,109,100,1920,1079,start_gate
../newdata/219.jpg,188,98,1920,1080,start_gate
../newdata/220.jpg,295,89,1920,1080,start_gate
../newdata/221.jpg,356,89,1920,1080,start_gate
../newdata/222.jpg,337,99,1920,1080,start_gate
../newdata/223.jpg,384,92,1920,1080,start_gate
../newdata/224.jpg,404,101,1920,1080,start_gate
../newdata/225.jpg,452,89,1920,1080,start_gate
../newdata/226.jpg,509,92,1920,1080,start_gate
../newdata/227.jpg,545,86,1920,1080,start_gate
../newdata/228.jpg,528,93,1920,1080,start_gate
../newdata/229.jpg,435,97,1920,1080,start_gate
../newdata/230.jpg,576,82,1920,1080,start_gate
../newdata/231.jpg,473,87,1920,1080,start_gate
../newdata/232.jpg,565,87,1920,1080,start_gate
../newdata/233.jpg,489,101,1920,1080,start_gate
../newdata/234.jpg,556,81,1920,1080,start_gate
../newdata/235.jpg,622,39,1920,1079,start_gate
../newdata/236.jpg,590,78,1920,1080,start_gate
../newdata/237.jpg,602,53,1920,1080,start_gate
../newdata/238.jpg,599,66,1920,1080,start_gate
../newdata/239.jpg,611,57,1920,1080,start_gate
../newdata/240.jpg,627,29,1920,1080,start_gate
../newdata/241.jpg,631,2,1920,1080,start_gate
../newdata/242.jpg,626,22,1920,1080,start_gate
../newdata/243.jpg,632,0,1920,1059,start_gate
../newdata/244.jpg,623,13,1920,1080,start_gate
../newdata/245.jpg,623,0,1920,1003,start_gate
../newdata/246.jpg,636,0,1920,1052,start_gate
../newdata/247.jpg,625,0,1920,1013,start_gate
../newdata/248.jpg,614,0,1920,996,start_gate
../newdata/249.jpg,626,0,1920,1030,start_gate
../newdata/250.jpg,604,0,1920,969,start_gate
../newdata/251.jpg,0,114,1289,1080,start_gate
../newdata/252.jpg,0,159,1333,1080,start_gate
../newdata/253.jpg,0,122,1276,1080,start_gate
../newdata/254.jpg,0,140,1305,1080,start_gate
../newdata/255.jpg,0,177,1370,1080,start_gate
../newdata/256.jpg,0,155,1459,1080,start_gate
../newdata/257.jpg,0,155,1407,1080,start_gate
../newdata/258.jpg,0,147,1386,1080,start_gate
../newdata/259.jpg,0,174,1435,1080,start_gate
../newdata/260.jpg,0,196,1597,1080,start_gate
../newdata/261.jpg,0,191,1537,1080,start_gate
../newdata/262.jpg,0,220,1558,1080,start_gate
../newdata/263.jpg,0,162,1487,1080,start_gate
../newdata/264.jpg,0,200,1520,1080,start_gate
../newdata/265.jpg,0,181,1634,1080,start_gate
../newdata/266.jpg,0,205,1702,1080,start_gate
../newdata/267.jpg,0,191,1663,1080,start_gate
../newdata/268.jpg,0,212,1730,1080,start_gate
../newdata/269.jpg,0,243,1773,1080,start_gate
../newdata/270.jpg,0,231,1790,1080,start_gate
../newdata/271.jpg,0,264,1881,1080,start_gate
../newdata/272.jpg,0,248,1920,1080,start_gate
../newdata/273.jpg,0,266,1920,1080,start_gate
../newdata/274.jpg,0,238,1838,1080,start_gate
../newdata/275.jpg,0,263,1920,1079,start_gate
../newdata/276.jpg,0,261,1920,1080,start_gate
../newdata/277.jpg,0,265,1920,1080,start_gate
../newdata/278.jpg,0,254,1920,1080,start_gate
../newdata/279.jpg,0,251,1920,1080,start_gate
../newdata/280.jpg,0,259,1920,1080,start_gate
../newdata/281.jpg,0,257,1920,1080,start_gate
../newdata/282.jpg,0,234,1920,1080,start_gate
../newdata/283.jpg,0,244,1920,1080,start_gate
../newdata/284.jpg,0,261,1920,1080,start_gate
../newdata/285.jpg,0,260,1920,1080,start_gate
../newdata/286.jpg,0,247,1920,1080,start_gate
../newdata/287.jpg,0,248,1920,1080,start_gate
../newdata/288.jpg,0,248,1920,1080,start_gate
../newdata/289.jpg,0,250,1920,1080,start_gate
../newdata/290.jpg,0,224,1920,1080,start_gate
../newdata/291.jpg,0,211,1920,1080,start_gate
../newdata/292.jpg,0,195,1920,1080,start_gate
../newdata/293.jpg,0,220,1920,1080,start_gate
../newdata/294.jpg,0,184,1920,1080,start_gate
../newdata/295.jpg,0,163,1920,1080,start_gate
../newdata/296.jpg,0,142,1920,1080,start_gate
../newdata/297.jpg,0,117,1920,1080,start_gate
../newdata/298.jpg,0,102,1920,1080,start_gate
../newdata/299.jpg,0,91,1920,1080,start_gate
../newdata/300.jpg,0,78,1920,1080,start_gate
../newdata/301.jpg,0,75,1920,1080,start_gate
